{"lr": 0.0019819639278557113, "data_time": 0.08371092796325684, "loss": 1.6802256739139556, "loss_rpn_cls": 0.08068291727453471, "loss_rpn_bbox": 0.03124577959999442, "loss_cls": 0.4179941377043724, "acc": 95.24739074707031, "loss_bbox": 0.1376537574827671, "loss_mask": 1.012649092078209, "time": 1.4135715389251708, "epoch": 1, "iter": 50, "memory": 20360, "step": 50}
{"lr": 0.0039839679358717435, "data_time": 0.07313530445098877, "loss": 0.9231623864173889, "loss_rpn_cls": 0.04169923845678568, "loss_rpn_bbox": 0.025591621175408363, "loss_cls": 0.21265582621097565, "acc": 94.25455474853516, "loss_bbox": 0.19755171597003937, "loss_mask": 0.445663982629776, "time": 1.3838395357131958, "epoch": 1, "iter": 100, "memory": 20361, "step": 100}
{"lr": 0.005985971943887774, "data_time": 0.0652439022064209, "loss": 0.8338350677490234, "loss_rpn_cls": 0.02700703827664256, "loss_rpn_bbox": 0.021878058705478907, "loss_cls": 0.19719317615032195, "acc": 92.41535949707031, "loss_bbox": 0.2017598694562912, "loss_mask": 0.3859969222545624, "time": 1.375617594718933, "epoch": 1, "iter": 150, "memory": 20361, "step": 150}
{"coco/bbox_mAP": 0.14, "coco/bbox_mAP_50": 0.302, "coco/bbox_mAP_75": 0.119, "coco/bbox_mAP_s": 0.0, "coco/bbox_mAP_m": 0.069, "coco/bbox_mAP_l": 0.147, "coco/segm_mAP": 0.12, "coco/segm_mAP_50": 0.273, "coco/segm_mAP_75": 0.093, "coco/segm_mAP_s": 0.002, "coco/segm_mAP_m": 0.027, "coco/segm_mAP_l": 0.128, "data_time": 0.005669202343110115, "time": 0.07512365925696589, "step": 1}
{"lr": 0.00922921843687374, "data_time": 0.0689390754699707, "loss": 0.7416494560241699, "loss_rpn_cls": 0.02542837303131819, "loss_rpn_bbox": 0.020645171757787465, "loss_cls": 0.18135890811681749, "acc": 92.85481262207031, "loss_bbox": 0.16364260837435723, "loss_mask": 0.35057439267635343, "time": 1.3710671329498292, "epoch": 2, "iter": 231, "memory": 20361, "step": 231}
{"lr": 0.011231222444889766, "data_time": 0.06393464088439942, "loss": 0.7169590294361115, "loss_rpn_cls": 0.020383363217115404, "loss_rpn_bbox": 0.020952851697802543, "loss_cls": 0.17535978943109512, "acc": 92.236328125, "loss_bbox": 0.1625692665576935, "loss_mask": 0.33769375920295713, "time": 1.3792600679397582, "epoch": 2, "iter": 281, "memory": 20361, "step": 281}
{"lr": 0.013233226452905787, "data_time": 0.06324635028839111, "loss": 0.7067085778713227, "loss_rpn_cls": 0.022260536374524235, "loss_rpn_bbox": 0.01942144826054573, "loss_cls": 0.16838747560977935, "acc": 94.873046875, "loss_bbox": 0.15827208042144775, "loss_mask": 0.3383670377731323, "time": 1.3885238409042358, "epoch": 2, "iter": 331, "memory": 20361, "step": 331}
{"coco/bbox_mAP": 0.193, "coco/bbox_mAP_50": 0.396, "coco/bbox_mAP_75": 0.175, "coco/bbox_mAP_s": 0.01, "coco/bbox_mAP_m": 0.123, "coco/bbox_mAP_l": 0.208, "coco/segm_mAP": 0.172, "coco/segm_mAP_50": 0.39, "coco/segm_mAP_75": 0.136, "coco/segm_mAP_s": 0.004, "coco/segm_mAP_m": 0.099, "coco/segm_mAP_l": 0.229, "data_time": 0.005560644953197222, "time": 0.0805847246163911, "step": 2}
{"lr": 0.01647647294589176, "data_time": 0.07619993209838867, "loss": 0.6746588957309723, "loss_rpn_cls": 0.016700047869235277, "loss_rpn_bbox": 0.02000640980899334, "loss_cls": 0.16286365389823915, "acc": 94.921875, "loss_bbox": 0.16005198270082474, "loss_mask": 0.3150367984175682, "time": 1.3944760799407958, "epoch": 3, "iter": 412, "memory": 20361, "step": 412}
{"lr": 0.018478476953907783, "data_time": 0.0739272689819336, "loss": 0.7072158992290497, "loss_rpn_cls": 0.019154800195246936, "loss_rpn_bbox": 0.020027386993169784, "loss_cls": 0.17391094088554382, "acc": 95.166015625, "loss_bbox": 0.1669306428730488, "loss_mask": 0.3271921309828758, "time": 1.3948769187927246, "epoch": 3, "iter": 462, "memory": 20361, "step": 462}
{"lr": 0.019999999999999952, "data_time": 0.06833019256591796, "loss": 0.6895265835523605, "loss_rpn_cls": 0.01973609371110797, "loss_rpn_bbox": 0.020333297308534382, "loss_cls": 0.1680532941222191, "acc": 94.59635162353516, "loss_bbox": 0.1613832239806652, "loss_mask": 0.32002067148685454, "time": 1.3848848342895508, "epoch": 3, "iter": 512, "memory": 20360, "step": 512}
{"coco/bbox_mAP": 0.197, "coco/bbox_mAP_50": 0.411, "coco/bbox_mAP_75": 0.171, "coco/bbox_mAP_s": 0.049, "coco/bbox_mAP_m": 0.096, "coco/bbox_mAP_l": 0.227, "coco/segm_mAP": 0.171, "coco/segm_mAP_50": 0.382, "coco/segm_mAP_75": 0.133, "coco/segm_mAP_s": 0.018, "coco/segm_mAP_m": 0.062, "coco/segm_mAP_l": 0.221, "data_time": 0.00543670562302568, "time": 0.06487996248570285, "step": 3}
{"lr": 0.019999999999999952, "data_time": 0.07796282768249511, "loss": 0.6417819952964783, "loss_rpn_cls": 0.01507603568956256, "loss_rpn_bbox": 0.01754999864846468, "loss_cls": 0.1529398415982723, "acc": 94.82421875, "loss_bbox": 0.15941495016217233, "loss_mask": 0.2968011701107025, "time": 1.3907488298416137, "epoch": 4, "iter": 593, "memory": 20361, "step": 593}
{"lr": 0.019999999999999952, "data_time": 0.06832022666931152, "loss": 0.6543121981620789, "loss_rpn_cls": 0.015793079016730188, "loss_rpn_bbox": 0.01862368393689394, "loss_cls": 0.16131908789277077, "acc": 94.35221099853516, "loss_bbox": 0.1615357556939125, "loss_mask": 0.297040588259697, "time": 1.4121265316009521, "epoch": 4, "iter": 643, "memory": 20361, "step": 643}
{"lr": 0.019999999999999952, "data_time": 0.06666032314300536, "loss": 0.6500110042095184, "loss_rpn_cls": 0.015886070961132644, "loss_rpn_bbox": 0.01968336759135127, "loss_cls": 0.15214830353856088, "acc": 95.49153137207031, "loss_bbox": 0.15847610354423522, "loss_mask": 0.3038171535730362, "time": 1.404569616317749, "epoch": 4, "iter": 693, "memory": 20361, "step": 693}
{"coco/bbox_mAP": 0.232, "coco/bbox_mAP_50": 0.48, "coco/bbox_mAP_75": 0.199, "coco/bbox_mAP_s": 0.052, "coco/bbox_mAP_m": 0.171, "coco/bbox_mAP_l": 0.256, "coco/segm_mAP": 0.209, "coco/segm_mAP_50": 0.471, "coco/segm_mAP_75": 0.165, "coco/segm_mAP_s": 0.004, "coco/segm_mAP_m": 0.13, "coco/segm_mAP_l": 0.258, "data_time": 0.005343317602225056, "time": 0.06980371398557804, "step": 4}
{"lr": 0.019999999999999952, "data_time": 0.07428102493286133, "loss": 0.5923083835840225, "loss_rpn_cls": 0.012822654023766518, "loss_rpn_bbox": 0.018585570454597473, "loss_cls": 0.14110238939523698, "acc": 97.03775787353516, "loss_bbox": 0.15341181814670563, "loss_mask": 0.26638594806194305, "time": 1.414777340888977, "epoch": 5, "iter": 774, "memory": 20361, "step": 774}
{"lr": 0.019999999999999952, "data_time": 0.0656537389755249, "loss": 0.616128157377243, "loss_rpn_cls": 0.012790143499150872, "loss_rpn_bbox": 0.017117080669850113, "loss_cls": 0.1501496510207653, "acc": 95.05207824707031, "loss_bbox": 0.1565489290654659, "loss_mask": 0.2795223516225815, "time": 1.3983959484100341, "epoch": 5, "iter": 824, "memory": 20361, "step": 824}
{"lr": 0.019999999999999952, "data_time": 0.06296791076660156, "loss": 0.5959723389148712, "loss_rpn_cls": 0.013854069141671062, "loss_rpn_bbox": 0.018065615091472864, "loss_cls": 0.13750745102763176, "acc": 96.32160949707031, "loss_bbox": 0.14758328467607498, "loss_mask": 0.27896191984415053, "time": 1.3856585693359376, "epoch": 5, "iter": 874, "memory": 20361, "step": 874}
{"coco/bbox_mAP": 0.216, "coco/bbox_mAP_50": 0.449, "coco/bbox_mAP_75": 0.199, "coco/bbox_mAP_s": 0.039, "coco/bbox_mAP_m": 0.132, "coco/bbox_mAP_l": 0.238, "coco/segm_mAP": 0.192, "coco/segm_mAP_50": 0.418, "coco/segm_mAP_75": 0.153, "coco/segm_mAP_s": 0.016, "coco/segm_mAP_m": 0.097, "coco/segm_mAP_l": 0.224, "data_time": 0.005236384952949941, "time": 0.06632557022609895, "step": 5}
{"lr": 0.019999999999999952, "data_time": 0.08138716697692872, "loss": 0.5853258365392685, "loss_rpn_cls": 0.01079247466288507, "loss_rpn_bbox": 0.01790829312056303, "loss_cls": 0.13938094511628152, "acc": 94.02668762207031, "loss_bbox": 0.1552136670053005, "loss_mask": 0.26203045666217806, "time": 1.4183313751220703, "epoch": 6, "iter": 955, "memory": 20361, "step": 955}
{"lr": 0.019999999999999952, "data_time": 0.061199822425842286, "loss": 0.5709964221715927,